County,2010 Pop w/Low Store Access,2015 Pop w/Low Store Access,%change '10-'15 Pop w/Low Store Access,2010 Low Income Pop w/Low Store Access,2015 Low Income Pop w/Low Store Access,%change '10-'15 Low Income Pop w/Low Store Access
Amador,4760.406704,5337.854488,12.13021952,1199.901541,1360.366194,13.37315164
Calaveras,3907.397164,4578.26193,17.16909589,978.5952799,1252.353845,27.97464599
El Dorado,50565.68135,52705.45607,4.231673868,8605.356903,10966.69251,27.44029831
Placer,53006.34589,54218.6897,2.287167306,7802.77076,10539.44628,35.07312471
Sacramento,190245.9619,193704.6878,1.818028558,51932.32001,62747.75506,20.82601942
Yolo,18875.27332,12376.45154,-34.43034529,4710.65373,3872.86984,-17.78487526
