County,FIPS,State,2010 Population,2015 Population,2010 Pop w/Low Store Access,2015 Pop w/Low Store Access,%change '10-'15 Pop w/Low Store Access,2010 Low Income Pop w/Low Store Access,2015 Low Income Pop w/Low Store Access,%change '10-'15 Low Income Pop w/Low Store Access
Amador,6005.0, California,38091.0,37037.0,4760.4,5337.9,12.13021952,1199.9,1360.4,13.37315164
Calaveras,6009.0, California,45578.0,44957.0,3907.4,4578.3,17.16909589,978.6,1252.4,27.97464599
El Dorado,6017.0, California,181058.0,184660.0,50565.7,52705.5,4.231673868,8605.4,10966.7,27.44029831
Placer,6061.0, California,348432.0,373058.0,53006.3,54218.7,2.287167306,7802.8,10539.4,35.07312471
Sacramento,6067.0, California,1418788.0,1494294.0,190246.0,193704.7,1.818028558,51932.3,62747.8,20.82601942
Yolo,6113.0, California,200849.0,212053.0,18875.3,12376.5,-34.43034529,4710.7,3872.9,-17.78487526
